ID,feature,value
 0,0,Fresh,Gorgeous
 1,1,Cotton,Tasty
 2,2,Fresh,Handmade
 3,3,Plastic,Small
 4,4,Granite,Licensed
 5,5,Wooden,Handmade
 6,6,Steel,Incredible
 7,7,Cotton,Fantastic
 8,8,Fresh,Licensed
 9,9,Concrete,Practical
 10,10,Soft,Practical
 11,11,Granite,Handcrafted
 12,12,Rubber,Practical
 13,13,Steel,Ergonomic
 14,14,Granite,Refined
 15,15,Steel,Incredible
 16,16,Soft,Tasty
 17,17,Granite,Fantastic
 18,18,Metal,Gorgeous
 19,19,Soft,Practical
 20,20,Concrete,Practical
 21,21,Frozen,Unbranded
 22,22,Frozen,Intelligent
 23,23,Plastic,Rustic
 24,24,Rubber,Fantastic
 25,25,Rubber,Handmade
 26,26,Fresh,Tasty
 27,27,Granite,Handmade
 28,28,Plastic,Unbranded
 29,29,Soft,Intelligent
 30,30,Cotton,Fantastic
 31,31,Metal,Practical
 32,32,Frozen,Gorgeous
 33,33,Soft,Ergonomic
 34,34,Fresh,Awesome
 35,35,Fresh,Fantastic
 36,36,Cotton,Handcrafted
 37,37,Rubber,Practical
 38,38,Wooden,Fantastic
 39,39,Concrete,Unbranded
 40,40,Soft,Handmade
 41,41,Frozen,Small
 42,42,Metal,Ergonomic
 43,43,Plastic,Gorgeous
 44,44,Concrete,Generic
 45,45,Concrete,Generic
 46,46,Cotton,Intelligent
 47,47,Concrete,Intelligent
 48,48,Soft,Licensed
 49,49,Metal,Handcrafted
 50,50,Granite,Licensed
 51,51,Rubber,Awesome
 52,52,Metal,Handmade
 53,53,Concrete,Handcrafted
 54,54,Wooden,Gorgeous
 55,55,Soft,Licensed
 56,56,Fresh,Practical
 57,57,Metal,Sleek
 58,58,Plastic,Rustic
 59,59,Rubber,Ergonomic
 60,60,Cotton,Generic
 61,61,Rubber,Gorgeous
 62,62,Concrete,Incredible
 63,63,Rubber,Incredible
 64,64,Concrete,Generic
 65,65,Concrete,Handmade
 66,66,Fresh,Sleek
 67,67,Rubber,Awesome
 68,68,Granite,Awesome
 69,69,Cotton,Unbranded
 70,70,Wooden,Unbranded
 71,71,Rubber,Awesome
 72,72,Cotton,Awesome
 73,73,Fresh,Incredible
 74,74,Metal,Sleek
 75,75,Fresh,Unbranded
 76,76,Rubber,Incredible
 77,77,Plastic,Handcrafted
 78,78,Fresh,Practical
 79,79,Granite,Practical
 80,80,Granite,Fantastic
 81,81,Cotton,Rustic
 82,82,Cotton,Refined
 83,83,Metal,Tasty
 84,84,Soft,Small
 85,85,Soft,Refined
 86,86,Granite,Gorgeous
 87,87,Fresh,Sleek
 88,88,Concrete,Handmade
 89,89,Granite,Practical
 90,90,Granite,Handmade
 91,91,Frozen,Fantastic
 92,92,Rubber,Small
 93,93,Plastic,Licensed
 94,94,Wooden,Licensed
 95,95,Rubber,Generic
 96,96,Concrete,Fantastic
 97,97,Soft,Gorgeous
 98,98,Wooden,Intelligent
 99,99,Frozen,Generic
 100,100,Metal,Intelligent
 101,101,Fresh,Licensed
 102,102,Granite,Handcrafted
 103,103,Fresh,Licensed
 104,104,Soft,Generic
 105,105,Soft,Intelligent
 106,106,Rubber,Gorgeous
 107,107,Granite,Awesome
 108,108,Cotton,Handcrafted
 109,109,Steel,Incredible
 110,110,Cotton,Fantastic
 111,111,Soft,Rustic
 112,112,Plastic,Fantastic
 113,113,Rubber,Generic
 114,114,Steel,Licensed
 115,115,Concrete,Sleek
 116,116,Rubber,Fantastic
 117,117,Wooden,Intelligent
 118,118,Granite,Handcrafted
 119,119,Concrete,Handmade
 120,120,Wooden,Sleek
 121,121,Steel,Unbranded
 122,122,Steel,Small
 123,123,Metal,Unbranded
 124,124,Steel,Ergonomic
 125,125,Rubber,Generic
 126,126,Wooden,Ergonomic
 127,127,Plastic,Generic
 128,128,Soft,Generic
 129,129,Plastic,Small
 130,130,Metal,Awesome
 131,131,Steel,Gorgeous
 132,132,Cotton,Unbranded
 133,133,Rubber,Fantastic
 134,134,Cotton,Rustic
 135,135,Soft,Small
 136,136,Frozen,Ergonomic
 137,137,Granite,Incredible
 138,138,Plastic,Incredible
 139,139,Wooden,Intelligent
 140,140,Fresh,Rustic
 141,141,Plastic,Small
 142,142,Cotton,Unbranded
 143,143,Plastic,Intelligent
 144,144,Plastic,Sleek
 145,145,Steel,Fantastic
 146,146,Concrete,Tasty
 147,147,Cotton,Refined
 148,148,Cotton,Generic
 149,149,Steel,Licensed
 150,150,Fresh,Rustic
 151,151,Steel,Incredible
 152,152,Cotton,Sleek
 153,153,Frozen,Handcrafted
 154,154,Granite,Licensed
 155,155,Steel,Refined
 156,156,Soft,Handmade
 157,157,Soft,Refined
 158,158,Metal,Small
 159,159,Metal,Handmade
 160,160,Steel,Tasty
 161,161,Frozen,Fantastic
 162,162,Concrete,Tasty
 163,163,Granite,Small
 164,164,Fresh,Incredible
 165,165,Metal,Unbranded
 166,166,Steel,Intelligent
 167,167,Fresh,Ergonomic
 168,168,Cotton,Licensed
 169,169,Concrete,Intelligent
 170,170,Plastic,Practical
 171,171,Concrete,Intelligent
 172,172,Soft,Ergonomic
 173,173,Plastic,Handmade
 174,174,Cotton,Rustic
 175,175,Concrete,Refined
 176,176,Frozen,Incredible
 177,177,Cotton,Fantastic
 178,178,Plastic,Gorgeous
 179,179,Metal,Rustic
 180,180,Plastic,Unbranded
 181,181,Soft,Practical
 182,182,Fresh,Practical
 183,183,Frozen,Tasty
 184,184,Cotton,Awesome
 185,185,Rubber,Rustic
 186,186,Plastic,Rustic
 187,187,Frozen,Rustic
 188,188,Frozen,Ergonomic
 189,189,Concrete,Refined
 190,190,Granite,Sleek
 191,191,Soft,Handmade
 192,192,Steel,Unbranded
 193,193,Rubber,Incredible
 194,194,Cotton,Sleek
 195,195,Steel,Refined
 196,196,Steel,Awesome
 197,197,Concrete,Gorgeous
 198,198,Steel,Licensed
 199,199,Granite,Tasty
 200,200,Metal,Unbranded
 201,201,Metal,Gorgeous
 202,202,Frozen,Gorgeous
 203,203,Cotton,Small
 204,204,Cotton,Unbranded
 205,205,Frozen,Sleek
 206,206,Fresh,Generic
 207,207,Granite,Unbranded
 208,208,Frozen,Sleek
 209,209,Metal,Incredible
 210,210,Steel,Ergonomic
 211,211,Wooden,Fantastic
 212,212,Soft,Practical
 213,213,Rubber,Tasty
 214,214,Fresh,Rustic
 215,215,Soft,Refined
 216,216,Concrete,Handmade
 217,217,Concrete,Refined
 218,218,Frozen,Unbranded
 219,219,Frozen,Handcrafted
 220,220,Frozen,Intelligent
 221,221,Cotton,Ergonomic
 222,222,Frozen,Handcrafted
 223,223,Rubber,Awesome
 224,224,Concrete,Incredible
 225,225,Soft,Incredible
 226,226,Concrete,Intelligent
 227,227,Plastic,Intelligent
 228,228,Steel,Fantastic
 229,229,Metal,Generic
 230,230,Granite,Ergonomic
 231,231,Concrete,Fantastic
 232,232,Concrete,Practical
 233,233,Concrete,Small
 234,234,Soft,Generic
 235,235,Metal,Awesome
 236,236,Fresh,Tasty
 237,237,Wooden,Unbranded
 238,238,Rubber,Small
 239,239,Frozen,Generic
 240,240,Wooden,Handcrafted
 241,241,Soft,Sleek
 242,242,Frozen,Incredible
 243,243,Rubber,Sleek
 244,244,Fresh,Generic
 245,245,Wooden,Intelligent
 246,246,Fresh,Sleek
 247,247,Wooden,Unbranded
 248,248,Wooden,Refined
 249,249,Steel,Practical
 250,250,Soft,Small
 251,251,Soft,Intelligent
 252,252,Granite,Generic
 253,253,Metal,Generic
 254,254,Steel,Rustic
 255,255,Soft,Handmade
 256,256,Rubber,Handcrafted
 257,257,Cotton,Generic
 258,258,Rubber,Handcrafted
 259,259,Granite,Intelligent
 260,260,Steel,Intelligent
 261,261,Frozen,Handcrafted
 262,262,Soft,Licensed
 263,263,Cotton,Licensed
 264,264,Cotton,Intelligent
 265,265,Wooden,Handcrafted
 266,266,Soft,Fantastic
 267,267,Wooden,Sleek
 268,268,Steel,Handmade
 269,269,Steel,Ergonomic
 270,270,Wooden,Sleek
 271,271,Frozen,Rustic
 272,272,Steel,Licensed
 273,273,Plastic,Intelligent
 274,274,Fresh,Fantastic
 275,275,Plastic,Ergonomic
 276,276,Rubber,Handcrafted
 277,277,Rubber,Fantastic
 278,278,Granite,Handmade
 279,279,Concrete,Practical
 280,280,Granite,Handmade
 281,281,Cotton,Awesome
 282,282,Concrete,Unbranded
 283,283,Plastic,Practical
 284,284,Steel,Ergonomic
 285,285,Concrete,Small
 286,286,Cotton,Tasty
 287,287,Metal,Gorgeous
 288,288,Steel,Rustic
 289,289,Steel,Generic
 290,290,Concrete,Incredible
 291,291,Wooden,Intelligent
 292,292,Steel,Sleek
 293,293,Granite,Small
 294,294,Metal,Unbranded
 295,295,Soft,Practical
 296,296,Steel,Gorgeous
 297,297,Steel,Awesome
 298,298,Steel,Intelligent
 299,299,Steel,Generic
 300,300,Concrete,Ergonomic
 301,301,Wooden,Unbranded
 302,302,Soft,Intelligent
 303,303,Concrete,Unbranded
 304,304,Soft,Gorgeous
 305,305,Wooden,Fantastic
 306,306,Frozen,Generic
 307,307,Plastic,Incredible
 308,308,Concrete,Handcrafted
 309,309,Wooden,Fantastic
 310,310,Soft,Awesome
 311,311,Concrete,Fantastic
 312,312,Metal,Small
 313,313,Concrete,Licensed
 314,314,Plastic,Licensed
 315,315,Soft,Licensed
 316,316,Soft,Practical
 317,317,Wooden,Incredible
 318,318,Rubber,Practical
 319,319,Fresh,Sleek
 320,320,Rubber,Rustic
 321,321,Concrete,Tasty
 322,322,Fresh,Fantastic
 323,323,Granite,Tasty
 324,324,Rubber,Tasty
 325,325,Wooden,Gorgeous
 326,326,Fresh,Licensed
 327,327,Soft,Tasty
 328,328,Soft,Intelligent
 329,329,Plastic,Refined
 330,330,Concrete,Generic
 331,331,Metal,Gorgeous
 332,332,Cotton,Incredible
 333,333,Soft,Generic
 334,334,Fresh,Licensed
 335,335,Steel,Rustic
 336,336,Granite,Ergonomic
 337,337,Metal,Handcrafted
 338,338,Wooden,Tasty
 339,339,Cotton,Practical
 340,340,Soft,Handmade
 341,341,Frozen,Handmade
 342,342,Rubber,Generic
 343,343,Soft,Gorgeous
 344,344,Metal,Gorgeous
 345,345,Rubber,Licensed
 346,346,Rubber,Licensed
 347,347,Wooden,Small
 348,348,Concrete,Generic
 349,349,Soft,Fantastic
 350,350,Granite,Practical
 351,351,Concrete,Gorgeous
 352,352,Rubber,Intelligent
 353,353,Metal,Incredible
 354,354,Wooden,Intelligent
 355,355,Metal,Incredible
 356,356,Wooden,Awesome
 357,357,Plastic,Practical
 358,358,Steel,Ergonomic
 359,359,Concrete,Gorgeous
 360,360,Soft,Generic
 361,361,Metal,Incredible
 362,362,Cotton,Awesome
 363,363,Plastic,Intelligent
 364,364,Plastic,Rustic
 365,365,Soft,Tasty
 366,366,Concrete,Ergonomic
 367,367,Rubber,Sleek
 368,368,Wooden,Awesome
 369,369,Steel,Tasty
 370,370,Cotton,Awesome
 371,371,Wooden,Handcrafted
 372,372,Soft,Generic
 373,373,Concrete,Incredible
 374,374,Concrete,Tasty
 375,375,Wooden,Practical
 376,376,Soft,Handmade
 377,377,Concrete,Small
 378,378,Rubber,Intelligent
 379,379,Frozen,Fantastic
 380,380,Rubber,Generic
 381,381,Metal,Unbranded
 382,382,Cotton,Fantastic
 383,383,Soft,Incredible
 384,384,Fresh,Gorgeous
 385,385,Plastic,Practical
 386,386,Cotton,Tasty
 387,387,Fresh,Handmade
 388,388,Soft,Licensed
 389,389,Frozen,Generic
 390,390,Metal,Handmade
 391,391,Fresh,Handcrafted
 392,392,Metal,Gorgeous
 393,393,Metal,Handmade
 394,394,Plastic,Intelligent
 395,395,Metal,Incredible
 396,396,Soft,Handcrafted
 397,397,Rubber,Rustic
 398,398,Soft,Handmade
 399,399,Plastic,Refined
 400,400,Plastic,Handmade
 401,401,Frozen,Tasty
 402,402,Wooden,Awesome
 403,403,Soft,Gorgeous
 404,404,Wooden,Unbranded
 405,405,Granite,Sleek
 406,406,Granite,Practical
 407,407,Wooden,Practical
 408,408,Steel,Gorgeous
 409,409,Metal,Refined
 410,410,Rubber,Small
 411,411,Cotton,Intelligent
 412,412,Frozen,Generic
 413,413,Metal,Ergonomic
 414,414,Soft,Intelligent
 415,415,Concrete,Handcrafted
 416,416,Cotton,Gorgeous
 417,417,Plastic,Licensed
 418,418,Frozen,Handmade
 419,419,Frozen,Incredible
 420,420,Concrete,Awesome
 421,421,Soft,Generic
 422,422,Granite,Sleek
 423,423,Soft,Generic
 424,424,Wooden,Rustic
 425,425,Steel,Awesome
 426,426,Steel,Incredible
 427,427,Rubber,Generic
 428,428,Cotton,Sleek
 429,429,Metal,Unbranded
 430,430,Plastic,Intelligent
 431,431,Metal,Rustic
 432,432,Granite,Ergonomic
 433,433,Metal,Handcrafted
 434,434,Steel,Tasty
 435,435,Steel,Intelligent
 436,436,Soft,Sleek
 437,437,Concrete,Awesome
 438,438,Frozen,Licensed
 439,439,Cotton,Awesome
 440,440,Soft,Fantastic
 441,441,Fresh,Rustic
 442,442,Wooden,Refined
 443,443,Concrete,Handmade
 444,444,Frozen,Refined
 445,445,Cotton,Incredible
 446,446,Steel,Incredible
 447,447,Granite,Unbranded
 448,448,Soft,Incredible
 449,449,Wooden,Awesome
 450,450,Fresh,Practical
 451,451,Steel,Fantastic
 452,452,Granite,Gorgeous
 453,453,Soft,Fantastic
 454,454,Rubber,Unbranded
 455,455,Granite,Unbranded
 456,456,Soft,Fantastic
 457,457,Metal,Rustic
 458,458,Granite,Unbranded
 459,459,Concrete,Awesome
 460,460,Concrete,Practical
 461,461,Steel,Tasty
 462,462,Metal,Sleek
 463,463,Steel,Handmade
 464,464,Cotton,Handmade
 465,465,Granite,Sleek
 466,466,Steel,Awesome
 467,467,Metal,Tasty
 468,468,Granite,Tasty
 469,469,Concrete,Refined
 470,470,Steel,Incredible
 471,471,Steel,Ergonomic
 472,472,Wooden,Refined
 473,473,Rubber,Fantastic
 474,474,Granite,Tasty
 475,475,Frozen,Rustic
 476,476,Steel,Rustic
 477,477,Steel,Handmade
 478,478,Granite,Awesome
 479,479,Plastic,Handcrafted
 480,480,Steel,Unbranded
 481,481,Cotton,Awesome
 482,482,Granite,Unbranded
 483,483,Wooden,Intelligent
 484,484,Rubber,Refined
 485,485,Granite,Ergonomic
 486,486,Rubber,Licensed
 487,487,Metal,Practical
 488,488,Concrete,Licensed
 489,489,Granite,Awesome
 490,490,Fresh,Handmade
 491,491,Metal,Handmade
 492,492,Cotton,Refined
 493,493,Rubber,Licensed
 494,494,Fresh,Handmade
 495,495,Plastic,Ergonomic
 496,496,Wooden,Incredible
 497,497,Granite,Refined
 498,498,Metal,Generic
 499,499,Metal,Tasty
 500,500,Plastic,Awesome
 501,501,Soft,Sleek
 502,502,Wooden,Gorgeous
 503,503,Steel,Generic
 504,504,Steel,Intelligent
 505,505,Fresh,Gorgeous
 506,506,Concrete,Unbranded
 507,507,Metal,Incredible
 508,508,Metal,Practical
 509,509,Steel,Refined
 510,510,Wooden,Generic
 511,511,Rubber,Unbranded
 512,512,Steel,Handmade
 513,513,Soft,Intelligent
 514,514,Frozen,Gorgeous
 515,515,Metal,Handcrafted
 516,516,Plastic,Handcrafted
 517,517,Granite,Ergonomic
 518,518,Frozen,Handcrafted
 519,519,Soft,Small
 520,520,Concrete,Refined
 521,521,Concrete,Fantastic
 522,522,Granite,Practical
 523,523,Fresh,Tasty
 524,524,Soft,Tasty
 525,525,Wooden,Licensed
 526,526,Wooden,Ergonomic
 527,527,Rubber,Small
 528,528,Steel,Tasty
 529,529,Cotton,Generic
 530,530,Fresh,Fantastic
 531,531,Soft,Incredible
 532,532,Rubber,Practical
 533,533,Fresh,Intelligent
 534,534,Frozen,Incredible
 535,535,Metal,Unbranded
 536,536,Steel,Small
 537,537,Frozen,Gorgeous
 538,538,Plastic,Awesome
 539,539,Metal,Generic
 540,540,Frozen,Unbranded
 541,541,Plastic,Handcrafted
 542,542,Wooden,Unbranded
 543,543,Metal,Fantastic
 544,544,Rubber,Tasty
 545,545,Steel,Small
 546,546,Metal,Practical
 547,547,Concrete,Ergonomic
 548,548,Frozen,Incredible
 549,549,Plastic,Licensed
 550,550,Frozen,Refined
 551,551,Plastic,Refined
 552,552,Fresh,Small
 553,553,Fresh,Tasty
 554,554,Granite,Unbranded
 555,555,Granite,Sleek
 556,556,Rubber,Generic
 557,557,Plastic,Unbranded
 558,558,Wooden,Awesome
 559,559,Concrete,Licensed
 560,560,Wooden,Fantastic
 561,561,Metal,Awesome
 562,562,Cotton,Generic
 563,563,Steel,Small
 564,564,Concrete,Licensed
 565,565,Plastic,Handcrafted
 566,566,Frozen,Licensed
 567,567,Plastic,Ergonomic
 568,568,Wooden,Ergonomic
 569,569,Wooden,Ergonomic
 570,570,Steel,Awesome
 571,571,Granite,Intelligent
 572,572,Fresh,Generic
 573,573,Granite,Gorgeous
 574,574,Frozen,Gorgeous
 575,575,Soft,Refined
 576,576,Granite,Handcrafted
 577,577,Rubber,Unbranded
 578,578,Wooden,Sleek
 579,579,Metal,Sleek
 580,580,Wooden,Intelligent
 581,581,Fresh,Incredible
 582,582,Metal,Ergonomic
 583,583,Frozen,Unbranded
 584,584,Soft,Handmade
 585,585,Fresh,Incredible
 586,586,Steel,Refined
 587,587,Concrete,Intelligent
 588,588,Soft,Licensed
 589,589,Fresh,Intelligent
 590,590,Steel,Small
 591,591,Granite,Small
 592,592,Cotton,Incredible
 593,593,Soft,Refined
 594,594,Rubber,Intelligent
 595,595,Metal,Sleek
 596,596,Plastic,Handcrafted
 597,597,Rubber,Handcrafted
 598,598,Plastic,Practical
 599,599,Fresh,Gorgeous
 600,600,Frozen,Incredible
 601,601,Plastic,Practical
 602,602,Granite,Ergonomic
 603,603,Cotton,Sleek
 604,604,Fresh,Unbranded
 605,605,Plastic,Licensed
 606,606,Steel,Sleek
 607,607,Metal,Awesome
 608,608,Frozen,Practical
 609,609,Wooden,Sleek
 610,610,Soft,Handmade
 611,611,Metal,Gorgeous
 612,612,Soft,Sleek
 613,613,Steel,Incredible
 614,614,Rubber,Unbranded
 615,615,Rubber,Handcrafted
 616,616,Soft,Sleek
 617,617,Rubber,Awesome
 618,618,Wooden,Generic
 619,619,Soft,Small
 620,620,Cotton,Incredible
 621,621,Fresh,Practical
 622,622,Soft,Practical
 623,623,Granite,Licensed
 624,624,Frozen,Practical
 625,625,Wooden,Awesome
 626,626,Metal,Generic
 627,627,Steel,Tasty
 628,628,Plastic,Tasty
 629,629,Granite,Incredible
 630,630,Plastic,Rustic
 631,631,Metal,Ergonomic
 632,632,Steel,Sleek
 633,633,Plastic,Intelligent
 634,634,Frozen,Incredible
 635,635,Cotton,Unbranded
 636,636,Rubber,Handcrafted
 637,637,Cotton,Handmade
 638,638,Frozen,Licensed
 639,639,Metal,Tasty
 640,640,Soft,Generic
 641,641,Soft,Fantastic
 642,642,Concrete,Generic
 643,643,Steel,Practical
 644,644,Metal,Practical
 645,645,Metal,Small
 646,646,Plastic,Intelligent
 647,647,Plastic,Ergonomic
 648,648,Cotton,Sleek
 649,649,Rubber,Rustic
 650,650,Concrete,Small
 651,651,Concrete,Awesome
 652,652,Soft,Gorgeous
 653,653,Steel,Unbranded
 654,654,Metal,Handmade
 655,655,Granite,Incredible
 656,656,Metal,Handcrafted
 657,657,Frozen,Incredible
 658,658,Plastic,Gorgeous
 659,659,Wooden,Awesome
 660,660,Concrete,Fantastic
 661,661,Cotton,Generic
 662,662,Metal,Ergonomic
 663,663,Cotton,Sleek
 664,664,Steel,Tasty
 665,665,Steel,Handmade
 666,666,Soft,Handmade
 667,667,Plastic,Generic
 668,668,Concrete,Sleek
 669,669,Cotton,Sleek
 670,670,Granite,Practical
 671,671,Granite,Tasty
 672,672,Steel,Sleek
 673,673,Plastic,Sleek
 674,674,Cotton,Fantastic
 675,675,Steel,Unbranded
 676,676,Cotton,Ergonomic
 677,677,Concrete,Refined
 678,678,Concrete,Small
 679,679,Concrete,Handmade
 680,680,Metal,Handcrafted
 681,681,Fresh,Licensed
 682,682,Wooden,Fantastic
 683,683,Fresh,Awesome
 684,684,Cotton,Unbranded
 685,685,Fresh,Ergonomic
 686,686,Steel,Ergonomic
 687,687,Fresh,Generic
 688,688,Cotton,Generic
 689,689,Fresh,Sleek
 690,690,Frozen,Handmade
 691,691,Metal,Gorgeous
 692,692,Soft,Handcrafted
 693,693,Wooden,Small
 694,694,Steel,Generic
 695,695,Plastic,Incredible
 696,696,Wooden,Refined
 697,697,Cotton,Small
 698,698,Frozen,Fantastic
 699,699,Cotton,Refined
 700,700,Fresh,Handmade
 701,701,Cotton,Unbranded
 702,702,Concrete,Ergonomic
 703,703,Fresh,Rustic
 704,704,Soft,Handcrafted
 705,705,Granite,Ergonomic
 706,706,Fresh,Small
 707,707,Rubber,Rustic
 708,708,Concrete,Sleek
 709,709,Plastic,Awesome
 710,710,Rubber,Ergonomic
 711,711,Granite,Tasty
 712,712,Plastic,Generic
 713,713,Concrete,Intelligent
 714,714,Rubber,Handmade
 715,715,Metal,Awesome
 716,716,Frozen,Rustic
 717,717,Fresh,Sleek
 718,718,Wooden,Practical
 719,719,Metal,Licensed
 720,720,Plastic,Gorgeous
 721,721,Wooden,Tasty
 722,722,Steel,Incredible
 723,723,Metal,Tasty
 724,724,Metal,Sleek
 725,725,Cotton,Fantastic
 726,726,Granite,Unbranded
 727,727,Frozen,Fantastic
 728,728,Concrete,Sleek
 729,729,Wooden,Gorgeous
 730,730,Metal,Fantastic
 731,731,Steel,Awesome
 732,732,Frozen,Licensed
 733,733,Wooden,Tasty
 734,734,Rubber,Gorgeous
 735,735,Soft,Tasty
 736,736,Plastic,Unbranded
 737,737,Cotton,Generic
 738,738,Fresh,Unbranded
 739,739,Granite,Refined
 740,740,Rubber,Rustic
 741,741,Plastic,Fantastic
 742,742,Metal,Intelligent
 743,743,Concrete,Practical
 744,744,Steel,Handmade
 745,745,Plastic,Small
 746,746,Rubber,Licensed
 747,747,Rubber,Fantastic
 748,748,Steel,Gorgeous
 749,749,Wooden,Rustic
 750,750,Wooden,Handcrafted
 751,751,Plastic,Small
 752,752,Concrete,Unbranded
 753,753,Plastic,Refined
 754,754,Granite,Unbranded
 755,755,Cotton,Intelligent
 756,756,Wooden,Intelligent
 757,757,Soft,Awesome
 758,758,Wooden,Gorgeous
 759,759,Metal,Practical
 760,760,Fresh,Refined
 761,761,Fresh,Practical
 762,762,Rubber,Refined
 763,763,Concrete,Ergonomic
 764,764,Wooden,Small
 765,765,Fresh,Intelligent
 766,766,Granite,Licensed
 767,767,Cotton,Fantastic
 768,768,Metal,Ergonomic
 769,769,Metal,Awesome
 770,770,Concrete,Handmade
 771,771,Wooden,Refined
 772,772,Steel,Unbranded
 773,773,Frozen,Rustic
 774,774,Steel,Unbranded
 775,775,Cotton,Practical
 776,776,Metal,Refined
 777,777,Frozen,Awesome
 778,778,Concrete,Handmade
 779,779,Plastic,Licensed
 780,780,Granite,Generic
 781,781,Metal,Awesome
 782,782,Frozen,Rustic
 783,783,Plastic,Sleek
 784,784,Rubber,Licensed
 785,785,Cotton,Gorgeous
 786,786,Rubber,Intelligent
 787,787,Cotton,Rustic
 788,788,Cotton,Awesome
 789,789,Concrete,Generic
 790,790,Concrete,Awesome
 791,791,Rubber,Small
 792,792,Rubber,Handmade
 793,793,Wooden,Handcrafted
 794,794,Wooden,Licensed
 795,795,Wooden,Tasty
 796,796,Fresh,Handmade
 797,797,Metal,Gorgeous
 798,798,Rubber,Handmade
 799,799,Rubber,Refined
 800,800,Frozen,Ergonomic
 801,801,Fresh,Handcrafted
 802,802,Rubber,Tasty
 803,803,Frozen,Sleek
 804,804,Fresh,Fantastic
 805,805,Rubber,Handcrafted
 806,806,Cotton,Small
 807,807,Rubber,Small
 808,808,Plastic,Practical
 809,809,Granite,Awesome
 810,810,Granite,Generic
 811,811,Soft,Small
 812,812,Concrete,Handmade
 813,813,Frozen,Refined
 814,814,Granite,Refined
 815,815,Soft,Rustic
 816,816,Metal,Refined
 817,817,Steel,Handcrafted
 818,818,Plastic,Refined
 819,819,Granite,Rustic
 820,820,Wooden,Incredible
 821,821,Rubber,Rustic
 822,822,Plastic,Intelligent
 823,823,Fresh,Generic
 824,824,Concrete,Refined
 825,825,Fresh,Tasty
 826,826,Granite,Incredible
 827,827,Steel,Intelligent
 828,828,Concrete,Handmade
 829,829,Frozen,Intelligent
 830,830,Cotton,Small
 831,831,Granite,Practical
 832,832,Granite,Sleek
 833,833,Steel,Awesome
 834,834,Steel,Intelligent
 835,835,Cotton,Tasty
 836,836,Frozen,Ergonomic
 837,837,Rubber,Rustic
 838,838,Fresh,Licensed
 839,839,Plastic,Handcrafted
 840,840,Fresh,Refined
 841,841,Plastic,Licensed
 842,842,Rubber,Rustic
 843,843,Concrete,Handcrafted
 844,844,Metal,Fantastic
 845,845,Fresh,Unbranded
 846,846,Frozen,Ergonomic
 847,847,Cotton,Incredible
 848,848,Cotton,Sleek
 849,849,Fresh,Sleek
 850,850,Frozen,Rustic
 851,851,Cotton,Ergonomic
 852,852,Plastic,Gorgeous
 853,853,Metal,Intelligent
 854,854,Metal,Sleek
 855,855,Wooden,Gorgeous
 856,856,Granite,Incredible
 857,857,Plastic,Small
 858,858,Cotton,Licensed
 859,859,Wooden,Fantastic
 860,860,Metal,Fantastic
 861,861,Steel,Refined
 862,862,Rubber,Gorgeous
 863,863,Granite,Incredible
 864,864,Frozen,Refined
 865,865,Rubber,Unbranded
 866,866,Plastic,Refined
 867,867,Wooden,Ergonomic
 868,868,Rubber,Tasty
 869,869,Plastic,Rustic
 870,870,Wooden,Generic
 871,871,Frozen,Rustic
 872,872,Metal,Intelligent
 873,873,Wooden,Rustic
 874,874,Steel,Practical
 875,875,Fresh,Intelligent
 876,876,Steel,Tasty
 877,877,Metal,Intelligent
 878,878,Steel,Fantastic
 879,879,Concrete,Sleek
 880,880,Wooden,Ergonomic
 881,881,Rubber,Tasty
 882,882,Wooden,Handmade
 883,883,Steel,Ergonomic
 884,884,Plastic,Ergonomic
 885,885,Rubber,Handmade
 886,886,Wooden,Fantastic
 887,887,Wooden,Tasty
 888,888,Steel,Fantastic
 889,889,Metal,Handcrafted
 890,890,Metal,Intelligent
 891,891,Plastic,Rustic
 892,892,Steel,Ergonomic
 893,893,Steel,Gorgeous
 894,894,Granite,Handmade
 895,895,Fresh,Generic
 896,896,Steel,Sleek
 897,897,Metal,Licensed
 898,898,Soft,Handcrafted
 899,899,Wooden,Rustic
 900,900,Plastic,Handcrafted
 901,901,Granite,Fantastic
 902,902,Frozen,Refined
 903,903,Steel,Intelligent
 904,904,Concrete,Gorgeous
 905,905,Frozen,Refined
 906,906,Metal,Fantastic
 907,907,Wooden,Licensed
 908,908,Fresh,Intelligent
 909,909,Granite,Rustic
 910,910,Cotton,Ergonomic
 911,911,Soft,Practical
 912,912,Cotton,Awesome
 913,913,Fresh,Rustic
 914,914,Wooden,Rustic
 915,915,Cotton,Unbranded
 916,916,Fresh,Unbranded
 917,917,Rubber,Unbranded
 918,918,Plastic,Awesome
 919,919,Metal,Small
 920,920,Metal,Small
 921,921,Fresh,Fantastic
 922,922,Steel,Intelligent
 923,923,Concrete,Unbranded
 924,924,Rubber,Tasty
 925,925,Fresh,Unbranded
 926,926,Plastic,Unbranded
 927,927,Metal,Fantastic
 928,928,Soft,Unbranded
 929,929,Plastic,Sleek
 930,930,Frozen,Fantastic
 931,931,Plastic,Intelligent
 932,932,Concrete,Awesome
 933,933,Plastic,Practical
 934,934,Frozen,Gorgeous
 935,935,Frozen,Sleek
 936,936,Concrete,Small
 937,937,Metal,Awesome
 938,938,Frozen,Tasty
 939,939,Soft,Incredible
 940,940,Cotton,Tasty
 941,941,Plastic,Refined
 942,942,Rubber,Awesome
 943,943,Fresh,Sleek
 944,944,Steel,Small
 945,945,Concrete,Unbranded
 946,946,Granite,Sleek
 947,947,Rubber,Rustic
 948,948,Steel,Small
 949,949,Steel,Incredible
 950,950,Wooden,Licensed
 951,951,Concrete,Refined
 952,952,Granite,Fantastic
 953,953,Wooden,Rustic
 954,954,Soft,Licensed
 955,955,Cotton,Refined
 956,956,Frozen,Practical
 957,957,Wooden,Refined
 958,958,Soft,Handcrafted
 959,959,Frozen,Incredible
 960,960,Wooden,Unbranded
 961,961,Cotton,Sleek
 962,962,Rubber,Generic
 963,963,Fresh,Generic
 964,964,Granite,Intelligent
 965,965,Rubber,Ergonomic
 966,966,Metal,Unbranded
 967,967,Concrete,Awesome
 968,968,Steel,Ergonomic
 969,969,Granite,Sleek
 970,970,Rubber,Sleek
 971,971,Granite,Tasty
 972,972,Soft,Small
 973,973,Wooden,Fantastic
 974,974,Frozen,Handcrafted
 975,975,Metal,Tasty
 976,976,Plastic,Handcrafted
 977,977,Granite,Small
 978,978,Cotton,Unbranded
 979,979,Soft,Sleek
 980,980,Granite,Incredible
 981,981,Cotton,Handmade
 982,982,Concrete,Intelligent
 983,983,Rubber,Refined
 984,984,Fresh,Small
 985,985,Concrete,Sleek
 986,986,Rubber,Generic
 987,987,Cotton,Incredible
 988,988,Frozen,Handcrafted
 989,989,Granite,Ergonomic
 990,990,Wooden,Practical
 991,991,Granite,Handcrafted
 992,992,Concrete,Small
 993,993,Granite,Refined
 994,994,Granite,Practical
 995,995,Wooden,Handmade
 996,996,Granite,Rustic
 997,997,Steel,Handmade
 998,998,Plastic,Gorgeous
 999,999,Plastic,Sleek
